{
  "tasksRunnerOptions": {
    "default": {
      "runner": "nx/tasks-runners/default",
      "options": {
        "cacheableOperations": ["build", "lint", "test", "e2e"]
      }
    }
  },
  "extends": "nx/presets/npm.json",
  "$schema": "./node_modules/nx/schemas/nx-schema.json",
  "npmScope": "@procter-gamble",
  "workspaceLayout": {
    "libsDir": "packages",
    "appsDir": "demos"
  },
  "targetDefaults": {
    "lint": {
      "inputs": ["default", "{workspaceRoot}/.eslintrc.json"]
    },
    "test": {
      "inputs": ["default", "^default", "{workspaceRoot}/jest.preset.js"]
    }
  }
}
